Number[1] (ISO 3166-2:NO),Name,Adm. center,County,"Population (2017)[2](2021 for Oslo, Viken, Rogaland and Vestland) [1]",Area (km2)[3],County Map,Arms,Language form[4],Mayor[5],Party
301,Oslo,Oslo,Oslo,702543,454.03,,,Neutral,Marianne Borgen,SV
1101,Eigersund,Egersund,Rogaland,14860,431.66,,,Bokmål,Leif Erik Egaas,H
1103,Stavanger,Stavanger,Rogaland,144515,262.52,,,Bokmål,Kari Nessa Nordtun,Ap
1106,Haugesund,Haugesund,Rogaland,37444,72.72,,,Bokmål,Petter Steen jr,H
1108,Sandnes,Sandnes,Rogaland,81305,304.46,,,Neutral,Stanley Wirak,Ap
1111,Sokndal,Hauge,Rogaland,3281,294.79,,,Neutral,Trond Arne Pedersen,KrF
1112,Lund,Moi,Rogaland,3178,408.51,,,Neutral,Pål Anker Ravndal,KrF
1114,Bjerkreim,Vikeså,Rogaland,2789,650.58,,,Nynorsk,Marthon Skårland,H
1119,Hå,Varhaug,Rogaland,19296,258.22,,,Neutral,Mons Skrettingland,H
1120,Klepp,Kleppe,Rogaland,20163,113.49,,,Nynorsk,Sigmund Rolfsen,Sp
1121,Time,Bryne,Rogaland,19353,183.19,,,Nynorsk,Reinert Kverneland,H
1122,Gjesdal,Ålgård,Rogaland,12131,617.98,,,Neutral,Frode Fjeldsbø,Ap
1124,Sola,Solakrossen,Rogaland,27568,69.04,,,Neutral,Tom Henning Slethei,Frp
1127,Randaberg,Randaberg,Rogaland,11454,24.71,,,Neutral,Jarle Bø,Sp
1130,Strand,Jørpeland,Rogaland,13268,261.69,,,Neutral,Irene Heng Lauvsnes,H
1133,Hjelmeland,Hjelmelandsvågen,Rogaland,2534,1067.78,,,Nynorsk,Bjørn Laugaland,Sp
1134,Suldal,Sand,Rogaland,3784,1736.89,,,Nynorsk,Gerd Helen Bø,Sp
1135,Sauda,Sauda,Rogaland,4525,546.32,,,Nynorsk,Asbjørn Birkeland,Sp
1144,Kvitsøy,Ydstebøhavn,Rogaland,523,6.29,,,Neutral,Stian Bjørsvik,KrF
1145,Bokn,Føresvik,Rogaland,855,47.16,,,Nynorsk,Osmund Våga,Sp
1146,Tysvær,Aksdal,Rogaland,11283,425.41,,,Nynorsk,Sigmund Lier,Ap
1149,Karmøy,Kopervik,Rogaland,42541,229.95,,,Neutral,Jarle Nilsen,Ap
1151,Utsira,Utsira,Rogaland,188,6.33,,,Neutral,Marte Eide Klovning,Ap
1160,Vindafjord,Ølensjøen,Rogaland,8775,620.59,,,Nynorsk,Ole Johan Vierdal,Sp
1505,Kristiansund,Kristiansund,Møre og Romsdal,24442,87.44,,,Neutral,Kjell Neergaard,Ap
1506,Molde,Molde,Møre og Romsdal,26822,362.69,,,Neutral,Torgeir Dahl,H
1507,Ålesund,Ålesund,Møre og Romsdal,66258,632.42,,,Neutral,Eva Vinje Aurdal,Ap
1511,Vanylven,Fiskåbygd,Møre og Romsdal,3203,385.21,,,Nynorsk,Lena M. Landsverk Sande,V
1514,Sande,Larsnes,Møre og Romsdal,2540,93.21,,,Nynorsk,Olav Myklebust,Sp
1515,Herøy,Fosnavåg,Møre og Romsdal,8957,119.53,,,Nynorsk,Bjørn-Halvor Prytz,Ap
1516,Ulstein,Ulsteinvik,Møre og Romsdal,8457,97.19,,,Nynorsk,Knut Erik Engh,Frp
1517,Hareid,Hareid,Møre og Romsdal,5185,82.26,,,Nynorsk,Bernt Brandal,LL
1520,Ørsta,Ørsta,Møre og Romsdal,10744,804.43,,,Nynorsk,Stein Aam,Sp
1525,Stranda,Stranda,Møre og Romsdal,4623,865.86,,,Nynorsk,Jan Ove Tryggestad,Sp
1528,Sykkylven,Aure,Møre og Romsdal,7695,337.8,,,Nynorsk,Odd Jostein Drotninghaug,Sp
1531,Sula,Langevåg,Møre og Romsdal,9007,58.5,,,Nynorsk,Jim Arve Røssevoll,Ap
1532,Giske,Valderøya,Møre og Romsdal,8176,40.53,,,Nynorsk,Harry Valderhaug,KrF
1535,Vestnes,Vestnes,Møre og Romsdal,6577,352.02,,,Nynorsk,Geir Inge Lien,Sp
1539,Rauma,Åndalsnes,Møre og Romsdal,7503,1502.15,,,Neutral,Yvonne Wold,SV
1547,Aukra,Falkhytta,Møre og Romsdal,3547,59.08,,,Nynorsk,Odd Jørgen Nilssen,H
1554,Averøy,Bruhagen,Møre og Romsdal,5856,175.68,,,Neutral,Ingrid Ovidie Rangønes,Ap
1557,Gjemnes,Batnfjordsøra,Møre og Romsdal,2611,381.63,,,Neutral,Knut Sjømæling,Sp
1560,Tingvoll,Tingvollvågen,Møre og Romsdal,3109,336.76,,,Neutral,Milly Bente Nørsett,Ap
1563,Sunndal,Sunndalsøra,Møre og Romsdal,7126,1713.44,,,Neutral,Ståle Refstie,Ap
1566,Surnadal,Skei,Møre og Romsdal,5986,1366.05,,,Nynorsk,Margrethe Svinvik,Sp
1573,Smøla,Hopen,Møre og Romsdal,2160,271.91,,,Neutral,Svein Roksvåg,Sp
1576,Aure,Aure,Møre og Romsdal,3590,641.38,,,Neutral,Hanne Berit Brekken,Ap
1577,Volda,Volda,Møre og Romsdal,9102,547.24,,,Nynorsk,Sølvi Dimmen,Sp
1578,Fjord,Sylte,Møre og Romsdal,2642,94.6,,,Nynorsk,Eva Hove,Ap
1579,Hustadvika,Elnesvågen,Møre og Romsdal,13215,521.83,,,Neutral,Tove Henøen,Sp
1804,Bodø,Bodø,Nordland,51022,1395.28,,,Neutral,Ida Maria Pinnerød,Ap
1806,Narvik,Narvik,Nordland,18756,3432.17,,,Bokmål,Rune Edvardsen,Ap
1811,Bindal,Terråk,Nordland,1473,1264.25,,,Bokmål,Britt Helstad,Ap
1812,Sømna,Vik,Nordland,2047,195.26,,,Bokmål,Hans Gunnar Holand,Sp
1813,Brønnøy,Brønnøysund,Nordland,7956,1046.44,,,Neutral,Eilif Kristian Trælnes,Sp
1815,Vega,Gladstad,Nordland,1234,164.79,,,Bokmål,Andre Møller,Ap
1816,Vevelstad,Forvika,Nordland,528,538.9,,,Bokmål,Torhild Haugann,LL
1818,Herøy,Silvalen,Nordland,1788,64.4,,,Bokmål,Eldbjørg Larsen,Ap
1820,Alstahaug,Sandnessjøen,Nordland,7428,187.61,,,Neutral,Peter Talseth,Sp
1822,Leirfjord,Leland,Nordland,2278,465.22,,,Neutral,Ivan Haugland,Ap
1824,Vefsn,Mosjøen,Nordland,13465,1929.1,,,Neutral,Berit Hundåla,Sp
1825,Grane,Trofors,Nordland,1469,2004.15,,,Neutral,Ellen Schjølberg,Sp
1826,Hattfjelldal,Hattfjelldal,Nordland,1414,2684.31,,,Neutral,Harald Lie,Sp
1827,Dønna,Solfjellsjøen,Nordland,1410,191.94,,,Bokmål,Nils Olav Jenssen,Sp
1828,Nesna,Nesna,Nordland,1837,183.18,,,Bokmål,Hanne Davidsen,Ap
1832,Hemnes,Korgen,Nordland,4524,1589.42,,,Neutral,Paul Asphaug,SP
1833,Rana,Mo i Rana,Nordland,26101,4459.98,,,Neutral,Geir Waage,Ap
1834,Lurøy,Lurøy,Nordland,1920,265.19,,,Bokmål,Håkon Lund,H
1835,Træna,Husøy,Nordland,465,16.52,,,Bokmål,Jan Helge Andersen,Ap
1836,Rødøy,Vågaholmen,Nordland,1267,711.29,,,Neutral,Inger Dagmar Monsen,LL
1837,Meløy,Ørnes,Nordland,6435,873.83,,,Bokmål,Sigurd Stormo,Ap
1838,Gildeskål,Inndyr,Nordland,2024,664.68,,,Neutral,Bjørn Magne Pedersen,H
1839,Beiarn,Moldjord,Nordland,1043,1222.32,,,Bokmål,Monika Sande,Sp
1840,Saltdal,Rognan,Nordland,4702,2216.17,,,Bokmål,Rune Berg,Sp
1841,Fauske,Fauske,Nordland,9729,1201.37,,,Bokmål,Marlen Rendall Berg,Sp
1845,Sørfold,Straumen,Nordland,1958,1637.35,,,Bokmål,Gisle Erik Hansen,Sp
1848,Steigen,Leinesfjord,Nordland,2543,1009.08,,,Bokmål,Aase Refsnes,SV
1851,Lødingen,Lødingen,Nordland,2134,527.49,,,Bokmål,Hugo Bongard Jacobsen,Ap
1853,Evenes,Bogen,Nordland,1402,252.78,,,Bokmål,Terje Bartholsen,Ap
1856,Røst,Røstlandet,Nordland,535,10.13,,,Bokmål,Elisabeth Kristin Mikalsen,LL
1857,Værøy,Sørland,Nordland,744,18.64,,,Bokmål,Susan Berg Kristiansen,LL
1859,Flakstad,Ramberg,Nordland,1349,178.38,,,Neutral,Trond Kroken,Sp
1860,Vestvågøy,Leknes,Nordland,11294,424.55,,,Neutral,Remi Solberg,Ap
1865,Vågan,Svolvær,Nordland,9444,479.15,,,Neutral,Frank Gudmund Johnsen,Sp
1866,Hadsel,Stokmarknes,Nordland,8009,566.56,,,Bokmål,Kurt Eirik Jenssen,Sp
1867,Bø,Straume,Nordland,2624,246.69,,,Neutral,Sture Pedersen,H
1868,Øksnes,Myre,Nordland,4580,319.51,,,Neutral,John Danielsen,Sp
1870,Sortland,Sortland,Nordland,10378,721.92,,,Neutral,Karl-Erling Nordlund,Sp
1871,Andøy,Andenes,Nordland,4908,656.12,,,Neutral,Knut Andreas Nordmo,Sp
1874,Moskenes,Reine,Nordland,1073,118.79,,,Neutral,Lillian Rasmussen,LL
1875,Hamarøy Hábmer,Oppeid,Nordland,1810,2020.45,,,Neutral Lule Sami,Britt Kristoffersen,Sp
3001,Halden,Halden,Viken,31444,642.3,,,Bokmål,Thor Edquist,H
3002,Moss,Moss,Viken,50290,63.57,,,Neutral,Hanne Tollerud,Ap
3003,Sarpsborg,Sarpsborg,Viken,58182,405.61,,,Bokmål,Sindre Martinsen-Evje,Ap
3004,Fredrikstad,Fredrikstad,Viken,83892,292.55,,,Bokmål,Jon-Ivar Nygård,Ap
3005,Drammen,Drammen,Viken,102449,317.68,,,Neutral,Monica Myrvold Berg,Ap
3006,Kongsberg,Kongsberg,Viken,27879,793.09,,,Bokmål,Kari Anne Sand,Sp
3007,Ringerike,Hønefoss,Viken,31 011,1555.08,,,Bokmål,Kirsten Orebråten,Ap
3011,Hvaler,Skjærhalden,Viken,4741,90.12,,,Bokmål,Eivind N. Borge,Frp
3012,Aremark,Fosby,Viken,1 315,319.27,,,Bokmål,Geir Aarbu,Sp
3013,Marker,Ørje,Viken,3578,412.9,,,Bokmål,Kjersti Nythe Nilsen,Ap
3014,Indre Østfold,Indre Østfold,Viken,45608,791.93,,,Bokmål,Svend Saxe Frøshaug,Sp
3015,Skiptvet,Meieribyen,Viken,3846,101.21,,,Bokmål,Anne-Grethe Larsen,Sp
3016,Rakkestad,Rakkestad,Viken,8312,434.71,,,Bokmål,Karoline Fjelstad,Sp
3017,Råde,Karlshus,Viken,7633,118.77,,,Bokmål,René Rafshol,H
3018,Våler,Kirkebygden,Viken,5913,256.96,,,Bokmål,Reidar Kaabbel,Sp
3019,Vestby,Vestby,Viken,18699,133.97,,,Bokmål,Tom Anders Ludvigsen,Ap
3020,Nordre Follo,Ski,Viken,61032,133.97,,,Bokmål,Hanne Opdan,Ap
3021,Ås,Ås,Viken,20780,102.68,,,Neutral,Ola Nordal,Ap
3022,Frogn,Drøbak,Viken,16084,85.7,,,Bokmål,Odd Haktor Slåke,H
3023,Nesodden,Nesoddtangen,Viken,19939,61.46,,,Bokmål,Truls Wickholm,Ap
3024,Bærum,Sandvika,Viken,129073,192.26,,,Bokmål,Lisbeth Hammer Krog,H
3025,Asker,Asker,Viken,96088,100.71,,,Bokmål,Lene Conradi,H
3026,Aurskog-Høland,Bjørkelangen,Viken,17754,961.66,,,Bokmål,Gudbrand Kvaal,Sp
3027,Rælingen,Fjerdingby,Viken,19024,71.68,,,Neutral,Ståle Grøtte,Ap
3028,Enebakk,Kirkebygda,Viken,11249,232.58,,,Bokmål,Hans Kristian Solberg,Sp
3029,Lørenskog,Kjenn and Solheim,Viken,44693,70.55,,,Neutral,Ragnhild Bergheim,Ap
3030,Lillestrøm,Lillestrøm,Viken,89095,456.61,,,Neutral,Jørgen Vik,Ap
3031,Nittedal,Rotnes,Viken,24947,186.22,,,Bokmål,Hilde Thorkildsen,Ap
3032,Gjerdrum,Ask,Viken,6989,83.19,,,Bokmål,Anders Østensen,Ap
3033,Ullensaker,Jessheim,Viken,41565,252.47,,,Bokmål,Eyvind Jørgensen Schumacher,Ap
3034,Nes,Årnes,Viken,23898,637.35,,,Bokmål,Grete Sjøli,Ap
3035,Eidsvoll,Sundet,Viken,26716,456.49,,,Bokmål,John-Erik Vika,Sp
3036,Nannestad,Teigebyen,Viken,15074,340.99,,,Bokmål,Hans Thue,Ap
3037,Hurdal,Hurdal,Viken,2905,284.96,,,Bokmål,Paul Johan Moltzau,Sp
3038,Hole,Vik,Viken,6859,192.69,,,Bokmål,Syver Leivestad,H
3039,Flå,Flå,Viken,1057,704.41,,,Bokmål,Merete Høntorp Gandrud,Ap
3040,Nesbyen,Nesbyen,Viken,3273,809.67,,,Bokmål,Tore Haraldset,LL
3041,Gol,Gol,Viken,4667,532.49,,,Nynorsk,Heidi Granli,Ap
3042,Hemsedal,Trøym,Viken,2611,753.54,,,Nynorsk,Pål Terje Rørby,Sp
3043,Ål,Ål,Viken,4719,1174.92,,,Nynorsk,Solveig Vestenfor,Ap
3044,Hol,Hol,Viken,4504,1854.62,,,Neutral,Petter Rukke,Ap
3045,Sigdal,Prestfoss,Viken,3502,842.28,,,Bokmål,Anne Kristin Norman,Sp
3046,Krødsherad,Noresund,Viken,2 189,374.51,,,Neutral,Knut Martin Glesne,LL
3047,Modum,Vikersund,Viken,14273,517.18,,,Bokmål,Sunni G. Aamodt,Sp
3048,Øvre Eiker,Hokksund,Viken,20044,456.69,,,Bokmål,Knut Kvale,Sp
3049,Lier,Lierbyen,Viken,27584,301.67,,,Bokmål,Gunn Cecilie Ringdal,H
3050,Flesberg,Lampeland,Viken,2720,561.91,,,Bokmål,Oddvar Garaas,Sp
3051,Rollag,Rollag,Viken,1370,449.29,,,Neutral,Viel Jaren Heitmann,Sp
3052,Nore og Uvdal,Rødberg,Viken,2455,2502.29,,,Neutral,Jan Gaute Bjerke,Ap
3053,Jevnaker,Jevnaker,Viken,6908,225.72,,,Bokmål,Morten Lafton,Ap
3054,Lunner,Roa,Viken,9144,291.84,,,Bokmål,Harald Tyrdal,Ap
3401,Kongsvinger,Kongsvinger,Innlandet,17857,1036.45,,,Bokmål,Margrethe Haarr,Sp
3403,Hamar,Hamar,Innlandet,30598,350.94,,,Neutral,Einar Busterud,LL
3405,Lillehammer,Lillehammer,Innlandet,27781,478.17,,,Bokmål,Ingunn Trosholmen,Ap
3407,Gjøvik,Gjøvik,Innlandet,30319,672.25,,,Bokmål,Torvild Sveen,Sp
3411,Ringsaker,Brumunddal,Innlandet,33842,1280.09,,,Bokmål,Anita Ihle Steen,Ap
3412,Løten,Løten,Innlandet,7633,369.44,,,Bokmål,Marte Larsen Tønseth,Sp
3413,Stange,Stangebyen,Innlandet,20317,724.28,,,Bokmål,Nils A. Røhne,Ap
3414,Nord-Odal,Sand,Innlandet,5100,508.14,,,Bokmål,Lise Selnes,Ap
3415,Sør-Odal,Skarnes,Innlandet,7866,516.74,,,Bokmål,Knut Hvithammer,Ap
3416,Eidskog,Skotterud,Innlandet,6127,640.39,,,Bokmål,Kamilla Thue,Ap
3417,Grue,Kirkenær,Innlandet,4777,837.17,,,Bokmål,Rune Grenberg,Ap
3418,Åsnes,Flisa,Innlandet,7329,1040.94,,,Bokmål,Kari Heggelund,Sp
3419,Våler,Våler,Innlandet,3743,705.28,,,Bokmål,Ola Cato Lie,Sp
3420,Elverum,Elverum,Innlandet,21086,1229.29,,,Neutral,Lilian Skjærvik,Ap
3421,Trysil,Innbygda,Innlandet,6550,3014.37,,,Bokmål,Erik Sletten,Sp
3422,Åmot,Rena,Innlandet,4518,1339.92,,,Bokmål,Ole Erik Hørstad,H
3423,Stor-Elvdal,Koppang,Innlandet,2530,2165.78,,,Bokmål,Even Moen,Sp
3424,Rendalen,Bergset,Innlandet,1858,3179.52,,,Bokmål,Linda Døsen,Ap
3425,Engerdal,Engerdal,Innlandet,1274,2196.54,,,Bokmål,Line Storsnes,LL
3426,Tolga,Tolga,Innlandet,1620,1122.59,,,Neutral,Bjørnar Tollan Jordet,SV
3427,Tynset,Tynset,Innlandet,5584,1880.51,,,Neutral,Merete Myhre Moen,Sp
3428,Alvdal,Alvdal,Innlandet,2441,942.15,,,Neutral,Mona Murud,Sp
3429,Folldal,Folldal,Innlandet,1577,1276.88,,,Neutral,Kristin Langtjernet,Ap
3430,Os,Os i Østerdalen,Innlandet,1963,1040.4,,,Neutral,Runa Finborud,Sp
3431,Dovre,Dovre,Innlandet,2675,1364.39,,,Neutral,Astrid Skomakerstuen Ruste,Ap
3432,Lesja,Lesja,Innlandet,2048,2259.5,,,Neutral,Mariann Skotte,Sp
3433,Skjåk,Bismo,Innlandet,2202,2075.52,,,Nynorsk,Edel Kveen,Sp
3434,Lom,Fossbergom,Innlandet,2360,1968.55,,,Nynorsk,Bjarne Eiolf Holø,Sp
3435,Vågå,Vågåmo,Innlandet,3640,1330.0,,,Nynorsk,Harald Sve Bjørndal,LL
3436,Nord-Fron,Vinstra,Innlandet,5723,1141.48,,,Nynorsk,Rune Støstad,Ap
3437,Sel,Otta,Innlandet,5916,904.93,,,Neutral,Eldri Siem,Sp
3438,Sør-Fron,Hundorp,Innlandet,3163,742.18,,,Neutral,Ole Tvete Muriteigen,Sp
3439,Ringebu,Vålebru,Innlandet,4502,1247.53,,,Neutral,Arne Fossmo,Ap
3440,Øyer,Tingberg,Innlandet,5082,639.9,,,Neutral,Jon Halvor Midtmagerli,Sp
3441,Gausdal,Segalstad bru,Innlandet,6204,1191.16,,,Neutral,Anette Musdalslien,Sp
3442,Østre Toten,Lena,Innlandet,14887,562.57,,,Bokmål,Bror Helgestad,Sp
3443,Vestre Toten,Raufoss,Innlandet,13179,249.52,,,Bokmål,Stian Olafsen,Ap
3446,Gran,Jaren,Innlandet,13707,756.65,,,Bokmål,Randi Eek Thorsen,Ap
3447,Søndre Land,Hov,Innlandet,5717,728.36,,,Bokmål,Anne Hagenborg,Ap
3448,Nordre Land,Dokka,Innlandet,6773,955.31,,,Bokmål,Ola Tore Dokken,Sp
3449,Sør-Aurdal,Bagn,Innlandet,3026,1109.04,,,Neutral,Marit Hougsrud,Sp
3450,Etnedal,Bruflat,Innlandet,1351,459.15,,,Neutral,Linda Mæhlum Robøle,Sp
3451,Nord-Aurdal,Fagernes,Innlandet,6490,906.52,,,Neutral,Knut Arne Fjelltun,Sp
3452,Vestre Slidre,Slidre,Innlandet,2114,463.25,,,Nynorsk,Haldor Ødegård,Sp
3453,Øystre Slidre,Heggenes,Innlandet,3248,963.11,,,Nynorsk,Odd Erik Holden,Sp
3454,Vang,Vang i Valdres,Innlandet,1596,1505.45,,,Nynorsk,Vidar Eltun,Ap
3801,Horten,Horten,Vestfold og Telemark,27202,70.96,,,Bokmål,Are Karlsen,Ap
3802,Holmestrand,Holmestrand,Vestfold og Telemark,14037,432.36,,,Bokmål,Elin Weggesrud,Ap
3803,Tønsberg,Tønsberg,Vestfold og Telemark,44922,110.03,,,Bokmål,Anne Rygh Pedersen,Ap
3804,Sandefjord,Sandefjord,Vestfold og Telemark,62019,422.26,,,Bokmål,Bjørn Ole Gleditsch,H
3805,Larvik,Larvik,Vestfold og Telemark,46557,812.88,,,Bokmål,Erik Bringedal,H
3806,Porsgrunn,Porsgrunn,Vestfold og Telemark,36198,164.45,,,Neutral,Robin Martin Kåss,Ap
3807,Skien,Skien,Vestfold og Telemark,54316,779.2,,,Neutral,Hedda Foss Five,Ap
3808,Notodden,Notodden,Vestfold og Telemark,12757,983.89,,,Neutral,Gry Fuglestveit,Ap
3811,Færder,Borgheim,Vestfold og Telemark,26676,99.96,,,Bokmål,Jon Sanness Andersen,Ap
3812,Siljan,Siljan,Vestfold og Telemark,2357,213.96,,,Neutral,Kjell Abraham Sølverød,Sp
3813,Bamble,Langesund,Vestfold og Telemark,14138,304.37,,,Neutral,Hallgeir Kjeldal,Ap
3814,Kragerø,Kragerø,Vestfold og Telemark,10586,305.46,,,Neutral,Grunde Knudsen,Sp
3815,Drangedal,Prestestranda,Vestfold og Telemark,4148,1062.78,,,Neutral,Tor Peder Lohne,Sp
3816,Nome,Ulefoss,Vestfold og Telemark,6585,429.69,,,Neutral,Bjørg Tveito Lundefaret,Ap
3817,Midt-Telemark,Bø,Vestfold og Telemark,10439,518.51,,,Neutral,Siri Blichfeldt Dyrland,Sp
3818,Tinn,Rjukan,Vestfold og Telemark,5894,2045.14,,,Neutral,Steinar Bergsland,H
3819,Hjartdal,Sauland,Vestfold og Telemark,1593,791.6,,,Nynorsk,Bengt Halvard Odden,Ap
3820,Seljord,Seljord,Vestfold og Telemark,2979,715.09,,,Nynorsk,Beate Marie Dahl Eide,Sp
3821,Kviteseid,Kviteseid,Vestfold og Telemark,2442,708.46,,,Nynorsk,Bjørn Nordskog,Sp
3822,Nissedal,Treungen,Vestfold og Telemark,1476,905.18,,,Nynorsk,Halvor Homme,Ap
3823,Fyresdal,Fyresdal,Vestfold og Telemark,1319,1280.14,,,Nynorsk,Erik Skjervagen,Ap
3824,Tokke,Dalen,Vestfold og Telemark,2228,984.48,,,Nynorsk,Jarand Felland,Sp
3825,Vinje,Åmot,Vestfold og Telemark,3726,3105.84,,,Nynorsk,Jon Rikard Kleven,Sp
4201,Risør,Risør,Agder,6935,192.98,,,Neutral,Per Kristian Lunden,Ap
4202,Grimstad,Grimstad,Agder,22692,303.58,,,Bokmål,Beate Skretting,H
4203,Arendal,Arendal,Agder,44576,270.21,,,Bokmål,Robert Nordli,Ap
4204,Kristiansand,Kristiansand,Agder,113920,276.88,,,Bokmål,Jan Oddvar Skisland,Ap
4205,Lindesnes,Mandal,Agder,23025,934.32,,,Bokmål,Even Sagebakken,Ap
4206,Farsund,Farsund,Agder,9769,262.55,,,Bokmål,Arnt Abrahamsen,Ap
4207,Flekkefjord,Flekkefjord,Agder,9090,543.53,,,Bokmål,Torbjørn Klungland,Frp
4211,Gjerstad,Gjerstad,Agder,2511,322.14,,,Neutral,Inger Haldis Løite,Ap
4212,Vegårshei,Myra,Agder,2104,355.65,,,Neutral,Kjetil Torp,KrF
4213,Tvedestrand,Tvedestrand,Agder,6051,215.05,,,Bokmål,Marianne Landsaas,H
4214,Froland,Blakstad,Agder,5713,644.54,,,Neutral,Ove Gundersen,KrF
4215,Lillesand,Lillesand,Agder,10702,190.43,,,Bokmål,Einar Holmen-Hoven,H
4216,Birkenes,Birkeland,Agder,5178,637.36,,,Neutral,Gyro Heia,Sp
4217,Åmli,Åmli,Agder,1856,1130.61,,,Nynorsk,Bjørn Gunnar Baas,Sp
4218,Iveland,Birketveit,Agder,1342,261.63,,,Neutral,Gro Anita Mykjåland,Sp
4219,Evje og Hornnes,Evje,Agder,3614,587.08,,,Neutral,Svein Arne Haugen,Ap
4220,Bygland,Bygland,Agder,1200,1311.66,,,Nynorsk,Sigbjørn Åge Fossdal,Ap
4221,Valle,Valle,Agder,1246,1265.31,,,Nynorsk,Steinar Kyrvestad,Ap
4222,Bykle,Bykle,Agder,952,1467.13,,,Nynorsk,Jon-Rolf Næss,Ap
4223,Vennesla,Vennesla,Agder,14425,384.47,,,Neutral,Nils Olav Larsen,KrF
4224,Åseral,Kyrkjebygda,Agder,937,887.52,,,Nynorsk,Inger Lise Lund Stulien,Ap
4225,Lyngdal,Alleen,Agder,10368,642.8,,,Bokmål,Jan Kristensen,H
4226,Hægebostad,Tingvatn,Agder,1702,461.33,,,Nynorsk,Margrethe Handeland,Sp
4227,Kvinesdal,Liknes,Agder,5988,963.22,,,Neutral,Per Sverre Kvinlaug,KrF
4228,Sirdal,Tonstad,Agder,1836,1554.83,,,Neutral,Jonny Liland,Ap
4601,Bergen,Bergen,Vestland,287428,464.7,,,Neutral,Marte Mjøs Persen,Ap
4602,Kinn,Florø and Måløy,Vestland,17131,870.0,,,Neutral,Ola Teigen,Ap
4611,Etne,Etnesjøen,Vestland,4043,735.28,,,Nynorsk,Mette Ekrheim Bergsvåg,Sp
4612,Sveio,Sveio,Vestland,5775,246.14,,,Nynorsk,Linn Therese Erve,Ap
4613,Bømlo,Svortland,Vestland,12061,246.56,,,Nynorsk,Sammy Olsen,Sp
4614,Stord,Leirvik,Vestland,18919,143.69,,,Nynorsk,Gaute Straume Epland,Ap
4615,Fitjar,Fitjar,Vestland,3117,142.43,,,Nynorsk,Harald Rydland,KrF
4616,Tysnes,Uggdal,Vestland,2883,255.11,,,Nynorsk,Kåre Martin Kleppe,H
4617,Kvinnherad,Rosendal,Vestland,13017,1090.74,,,Nynorsk,Hans Inge Myrvold,Sp
4618,Ullensvang,Odda,Vestland,10881,3236.63,,,Nynorsk,Roald Aga Haug,Ap
4619,Eidfjord,Eidfjord,Vestland,937,1491.46,,,Nynorsk,Anders Vatle,Sp
4620,Ulvik,Ulvik,Vestland,1051,722.0,,,Nynorsk,Hans Petter Thorbjørnsen,Ap
4621,Voss,Vossevangen,Vestland,15875,1805.81,,,Nynorsk,Hans-Erik Ringkjøb,Ap
4622,Kvam,Norheimsund,Vestland,8497,616.5,,,Nynorsk,Torgeir Næss,Ap
4623,Samnanger,Tysse,Vestland,2501,269.07,,,Nynorsk,Knut Harald Frøland,LL
4624,Bjørnafjorden,Osøyro,Vestland,25213,517.41,,,Nynorsk,Trine Lindborg,Ap
4625,Austevoll,Storebø,Vestland,5282,117.18,,,Nynorsk,Morten Storebø,H
4626,Øygarden,Straume,Vestland,39032,314.51,,,Nynorsk,Tom Georg Indrevik,H
4627,Askøy,Kleppestø,Vestland,29032,101.12,,,Neutral,Siv Høgtun,H
4628,Vaksdal,Dale,Vestland,3867,715.37,,,Nynorsk,Hege Eide Vik,Sp
4629,Modalen,Mo,Vestland,378,411.99,,,Nynorsk,Kjetil Eikefet,LL
4630,Osterøy,Lonevåg,Vestland,8131,255.12,,,Nynorsk,Lars Fjeldstad,Sp
4631,Alver,Knarvik,Vestland,29816,679.0,,,Nynorsk,Sara Sekkingstad,Ap
4632,Austrheim,Årås,Vestland,2889,57.56,,,Nynorsk,Per Lerøy,Ap
4633,Fedje,Fedje,Vestland,502,9.28,,,Nynorsk,Stian Herøy,H
4634,Masfjorden,Masfjordnes,Vestland,1629,556.07,,,Nynorsk,Karstein Totland,H
4635,Gulen,Eivindvik,Vestland,2230,597.21,,,Nynorsk,Hallvard Oppedal,Sp
4636,Solund,Hardbakke,Vestland,768,228.25,,,Nynorsk,Gunn Åmdal Mongstad,Sp
4637,Hyllestad,Hyllestad,Vestland,1290,258.91,,,Nynorsk,Kjell,Ap
4638,Høyanger,Høyanger,Vestland,3965,1003.04,,,Nynorsk,Petter Sortland,Ap
4639,Vik,Vikøyri,Vestland,2560,833.33,,,Nynorsk,Roy Egil Stadheim,Ap
4640,Sogndal,Sogndalsfjøra,Vestland,12097,1257.89,,,Nynorsk,Arnstein Menes,Sp
4641,Aurland,Aurlandsvangen,Vestland,1766,1467.69,,,Nynorsk,Trygve Skjerdal,Sp
4642,Lærdal,Lærdalsøyri,Vestland,2117,1342.48,,,Nynorsk,Jan Geir Solheim,Sp
4643,Årdal,Årdalstangen,Vestland,5204,976.58,,,Nynorsk,Hilmar Høl,Ap
4644,Luster,Gaupne,Vestland,5246,2706.22,,,Nynorsk,Ivar Kvalen,Sp
4645,Askvoll,Askvoll,Vestland,2951,326.17,,,Nynorsk,Ole André Klausen,H
4646,Fjaler,Dale,Vestland,2901,416.59,,,Nynorsk,Kjetil Høgseth Felde,H
4647,Sunnfjord,Førde,Vestland,22116,2208.13,,,Nynorsk,Olve Grotle,H
4648,Bremanger,Svelgen,Vestland,3521,832.85,,,Nynorsk,Anne Kristin Førde,Ap
4649,Stad,Nordfjordeid,Vestland,9527,752.78,,,Nynorsk,Alfred Bjørlo,V
4650,Gloppen,Sandane,Vestland,5875,1030.51,,,Nynorsk,Leidulf Gloppestad,Sp
4651,Stryn,Stryn,Vestland,7207,1377.21,,,Nynorsk,Per Kjøllesdal,Sp
5001,Trondheim,Trondheim,Trøndelag,211246,342.21,,,Neutral,Rita Ottervik,Ap
5006,Steinkjer,Steinkjer,Trøndelag,24357,2122.06,,,Neutral,Bjørn Arild Gram,Sp
5007,Namsos,Namsos,Trøndelag,13051,2132.63,,,Neutral,Arnhild Holstad,Ap
5014,Frøya,Sistranda,Trøndelag,4937,241.31,,,Bokmål,Kristin Furunes Strømskog,H
5020,Osen,Steinsdalen,Trøndelag,978,387.18,,,Bokmål,John Einar Høvik,Ap
5021,Oppdal,Oppdal,Trøndelag,6973,2274.11,,,Neutral,Geir Arild Espnes,Sp
5022,Rennebu,Berkåk,Trøndelag,2556,947.97,,,Neutral,Ola Øie,Ap
5025,Røros,Røros,Trøndelag,5623,1956.46,,,Neutral,Isak Veierud Busch,Ap
5026,Holtålen,Renbygda,Trøndelag,2046,1209.5,,,Neutral,Arve Hitterdal,LL
5027,Midtre Gauldal,Støren,Trøndelag,6319,1860.51,,,Bokmål,Sivert Moen,Sp
5028,Melhus,Melhus,Trøndelag,16213,694.4,,,Neutral,Jorid Jagtøyen,Sp
5029,Skaun,Børsa,Trøndelag,8000,224.21,,,Neutral,Gunn Iversen Stokke,Sp
5031,Malvik,Hommelvik,Trøndelag,13820,168.44,,,Bokmål,Trond Hoseth,Ap
5032,Selbu,Mebonden,Trøndelag,4098,1234.84,,,Neutral,Ole Morten Balstad,Ap
5033,Tydal,Ås,Trøndelag,861,1329.21,,,Bokmål,"Kvello, Jens Arne",Sp
5034,Meråker,Midtbygda,Trøndelag,2508,1273.42,,,Bokmål,Kjersti Kjenes,LL
5035,Stjørdal,Stjørdalshalsen,Trøndelag,23625,938.28,,,Neutral,Ivar Vigdenes,Sp
5036,Frosta,Frosta,Trøndelag,2630,76.32,,,Neutral,Frode Revhaug,H
5037,Levanger,Levanger,Trøndelag,19892,645.8,,,Neutral,Anita Ravlo Sand,Sp
5038,Verdal,Verdalsøra,Trøndelag,14849,1547.78,,,Neutral,Pål Sverre Fikse,Sp
5041,Snåsa Snåase,Snåsa,Trøndelag,2159,2342.66,,,Neutral Southern Sami,Arnt Einar Bardal,Sp
5042,Lierne,Sandvika,Trøndelag,1389,2961.7,,,Neutral,Bente Estil,Ap
5043,Røyrvik Raarvihke,Røyrvik,Trøndelag,469,1584.76,,,Neutral Southern Sami,Hans Oskar Devik,LL
5044,Namsskogan,Namsskogan,Trøndelag,872,1417.16,,,Neutral,Stian Brekkvassmo,Ap
5045,Grong,Medjå,Trøndelag,2467,1136.17,,,Neutral,Borgny Grande,Sp
5046,Høylandet,Høylandet,Trøndelag,1264,754.68,,,Neutral,Hege Nordheim-Viken,Sp
5047,Overhalla,Ranemsletta,Trøndelag,3840,729.79,,,Neutral,Per Olav Tyldum,Sp
5049,Flatanger,Lauvsnes,Trøndelag,1090,458.71,,,Neutral,Olav Jørgen Bjørkås,Sp
5052,Leka,Leknes,Trøndelag,584,110.02,,,Neutral,Elisabeth Helmersen,Ap
5053,Inderøy,Straumen,Trøndelag,6800,365.67,,,Neutral,Ida Stuberg,Sp
5054,Indre Fosen,Årnset,Trøndelag,10108,1095.98,,,Neutral,Bjørnar Buhaug,Sp
5055,Heim,Årnset,Trøndelag,5963,1024.58,,,Neutral,Odd Jarle Svanem,Sp
5056,Hitra,Fillan,Trøndelag,4659,755.89,,,Neutral,Ole Haugen,Ap
5057,Ørland,Bjugn and Brekstad,Trøndelag,5291,457.07,,,Bokmål,Tom Myrvold,H
5058,Åfjord,Årnes,Trøndelag,3263,1329.42,,,Neutral,Vibeke Stjern,Ap
5059,Orkland,Orkanger,Trøndelag,11891,1906.26,,,Neutral,Oddbjørn Bang,Sp
5060,Nærøysund,Kolvereid and Rørvik,Trøndelag,9623,1346.16,,,Neutral,Amund Hellesø,Ap
5061,Rindal,Rindal,Trøndelag,2026,631.95,,,Neutral,Vibeke Langli,Sp
5401,Tromsø,Tromsø,Troms og Finnmark,74541,2521.28,,,Neutral,Gunnar Wilhelmsen,Ap
5402,Harstad,Harstad,Troms og Finnmark,24845,445.17,,,Neutral,Kari-Anne Opsal,Ap
5403,Alta,Alta,Troms og Finnmark,20446,3849.47,,,Bokmål,Monica Nielsen,Ap
5404,Vardø,Vardø,Troms og Finnmark,2104,600.61,,,Neutral,Ørjan Jensen,Mdg
5405,Vadsø,Vadsø,Troms og Finnmark,6154,1257.84,,,Bokmål,Wenche Pedersen,Ap
5406,Hammerfest,Hammerfest,Troms og Finnmark,10527,2692.57,,,Bokmål,Marianne Sivertsen Næss,Ap
5411,Kvæfjord,Borkenes,Troms og Finnmark,2986,512.58,,,Neutral,Torbjørn Larsen,Ap
5412,Tjeldsund,Evenskjer,Troms og Finnmark,4243,319.26,,,Bokmål,Helene Berg Nilsen,Ap
5413,Ibestad,Hamnvik,Troms og Finnmark,1394,241.06,,,Bokmål,Dag Brustind,H
5414,Gratangen,Årstein,Troms og Finnmark,1121,312.74,,,Neutral,Anita Karlsen,Sp
5415,Lavangen Loabák,Tennevoll,Troms og Finnmark,1076,301.64,,,Neutral Northern Sami,Hege Beate Rollmoen,Ap
5416,Bardu,Setermoen,Troms og Finnmark,3994,2703.88,,,Neutral,Toralf Heimdal,Sp
5417,Salangen,Sjøvegan,Troms og Finnmark,2220,457.88,,,Neutral,Sigrun W. Prestbakmo,Sp
5418,Målselv,Moen,Troms og Finnmark,6781,3326.21,,,Neutral,Bengt-Magne Luneng,Sp
5419,Sørreisa,Sørreisa,Troms og Finnmark,3496,361.17,,,Neutral,Jan-Eirik Nordahl,Ap
5420,Dyrøy,Brøstadbotn,Troms og Finnmark,1138,288.54,,,Bokmål,Marit Alvig Espenes,Ap
5421,Senja,Finnsnes,Troms og Finnmark,14930,1953.81,,,Neutral,Tom Rune Eliseussen,Sp
5422,Balsfjord,Storsteinnes,Troms og Finnmark,5685,1496.91,,,Bokmål,Gunda Johansen,Ap
5423,Karlsøy,Hansnes,Troms og Finnmark,2273,1091.59,,,Neutral,Mona Pedersen,LL
5424,Lyngen,Lyngseidet,Troms og Finnmark,2876,812.56,,,Neutral,Dan Håvard Johnsen,LL
5425,Storfjord Omasvuotna Omasvuono,Hatteng,Troms og Finnmark,1890,1542.83,,,Neutral Northern Sami Kven,Geir Varvik,H
5426,Kåfjord Gáivuotna Kaivuono,Olderdalen,Troms og Finnmark,2132,991.18,,,Bokmål Northern Sami Kven,Bernt E. Isaksen Lyngstad,Ap
5427,Skjervøy,Skjervøy,Troms og Finnmark,2912,473.7,,,Bokmål,Ørjan Albrigtsen,KrF
5428,Nordreisa,Storslett,Troms og Finnmark,4919,3437.46,,,Bokmål,Hilde Anita Nyvoll,Ap
5429,Kvænangen,Burfjord,Troms og Finnmark,1233,2109.48,,,Neutral,Eirik Losnegaard Mevik,Ap
5430,Kautokeino Guovdageaidnu,Kautokeino,Troms og Finnmark,2938,9707.33,,,Bokmål Northern Sami,Hans Isak Olsen,LL
5432,Loppa,Øksfjord,Troms og Finnmark,968,688.87,,,Bokmål,Stein Thomassen,Ap
5433,Hasvik,Breivikbotn,Troms og Finnmark,1037,555.56,,,Bokmål,Eva D. Husby,Ap
5434,Måsøy,Havøysund,Troms og Finnmark,1204,1135.82,,,Bokmål,Bernth R. Sjursen,Ap
5435,Nordkapp,Honningsvåg,Troms og Finnmark,3276,925.7,,,Neutral,Jan Olsen,SV
5436,Porsanger Porsáŋgu Porsanki,Lakselv,Troms og Finnmark,3971,4872.58,,,Bokmål Northern Sami Kven,Aina Borch,Ap
5437,Karasjok Kárášjohka,Karasjok,Troms og Finnmark,2696,5452.95,,,Bokmål Northern Sami,Svein Atle Somby,Ap
5438,Lebesby,Kjøllefjord,Troms og Finnmark,1330,3459.41,,,Bokmål,Sigurd Kvammen Rafaelsen,Ap
5439,Gamvik,Mehamn,Troms og Finnmark,1137,1416.34,,,Neutral,Alf N. Hansen,SV
5440,Berlevåg,Berlevåg,Troms og Finnmark,991,1121.78,,,Bokmål,Rolf Laupstad,Ap
5441,Tana Deatnu,Tana bru,Troms og Finnmark,2911,4051.35,,,Bokmål Northern Sami,Helga Pedersen,Ap
5442,Nesseby Unjárga,Varangerbotn,Troms og Finnmark,951,1434.72,,,Bokmål Northern Sami,Knut Inge Store,Ap
5443,Båtsfjord,Båtsfjord,Troms og Finnmark,2267,1434.72,,,Neutral,Ronald Wærnes,Sp
5444,Sør-Varanger,Kirkenes,Troms og Finnmark,10199,3971.58,,,Bokmål,Rune Rafaelsen,Ap
